"","wt_naive_p_val","wt_naive_avg_logFC","wt_naive_pct.1","wt_naive_pct.2","wt_naive_p_val_adj","ko_naive_p_val","ko_naive_avg_logFC","ko_naive_pct.1","ko_naive_pct.2","ko_naive_p_val_adj","max_pval","minimump_p_val"
"Lyz2",0,1.28623318276837,1,0.934,0,0,1.00398261162572,1,0.96,0,0,0
"Hebp1",0,0.64496409509958,0.852,0.228,0,0,0.539016213415857,0.713,0.203,0,0,0
"Sash1",1.80784713482641e-306,0.488124182421362,0.743,0.192,3.10841236362053e-302,0,0.469031620911701,0.635,0.176,0,1.80784713482641e-306,0
"Mrc1",8.06552714962718e-297,0.783478328087043,0.754,0.181,1.3867867381069e-292,0,1.23768798906319,0.941,0.272,0,8.06552714962718e-297,0
"Mertk",5.45685725997331e-294,0.482019700847883,0.749,0.197,9.38252037279811e-290,0,0.430507425672132,0.611,0.151,0,5.45685725997331e-294,0
"Ctss",2.74813665733152e-293,0.996960065780049,1,0.82,4.72514616861581e-289,0,0.776829673020526,0.998,0.717,0,2.74813665733152e-293,0
"Selenop",1.72974461406651e-289,0.952968735281768,0.924,0.376,2.97412288942596e-285,0,0.703247215447663,0.774,0.25,0,1.72974461406651e-289,0
"Atp13a2",3.93578925441784e-288,0.673109068444718,0.933,0.405,6.76719604404604e-284,0,0.540141420610337,0.863,0.368,0,3.93578925441784e-288,0
"Pld3",4.86945046322015e-287,0.741250242003073,0.962,0.407,8.37253312646073e-283,0,0.582628469676944,0.933,0.405,0,4.86945046322015e-287,0
"Naaa",7.84961007296248e-284,1.02494550422413,0.993,0.661,1.34966195594517e-279,0,0.897231524658373,0.965,0.556,0,7.84961007296248e-284,0
"Lamp1",2.74297536439482e-263,0.747955778956251,1,0.845,4.71627184154045e-259,0,0.590855825636483,1,0.852,0,2.74297536439482e-263,0
"Pmp22",1.331150512997e-255,0.467295115769458,0.628,0.136,2.28878019204704e-251,0,0.792008028755273,0.816,0.225,0,1.331150512997e-255,0
"Camk1",1.62097228043826e-210,0.548148951979923,0.883,0.417,2.78709973898554e-206,0,0.644586907952153,0.872,0.367,0,1.62097228043826e-210,0
"Ms4a7",6.9834616595835e-198,0.385275717050271,0.488,0.104,1.20073639774879e-193,0,0.696736413886914,0.602,0.129,0,6.9834616595835e-198,0
"Gm1673",1.76861546031752e-191,0.474061384143985,0.51,0.114,3.04095742246994e-187,0,0.403851104227008,0.396,0.081,0,1.76861546031752e-191,0
"Lgals3bp",3.80670356729017e-186,0.473630883869317,0.811,0.37,6.54524611359872e-182,0,0.508542992765651,0.753,0.288,0,3.80670356729017e-186,0
"Msr1",7.57763521556737e-185,0.537137306623902,0.866,0.354,1.30289859896465e-180,0,0.745484672203855,0.969,0.468,0,7.57763521556737e-185,0
"Vat1",5.63923465022065e-170,0.568134216941015,0.927,0.488,9.69610005758938e-166,0,0.623028678504656,0.956,0.445,0,5.63923465022065e-170,0
"Ahnak2",8.42283760806339e-164,0.32572306080449,0.562,0.155,1.44822269833042e-159,0,0.477468861704424,0.697,0.219,0,8.42283760806339e-164,0
"Fabp5",2.40893503025176e-158,0.761699550079929,0.983,0.704,4.14192289101487e-154,0,1.22042507238193,0.992,0.723,0,2.40893503025176e-158,0
"Klf4",1.19994347424126e-144,0.497751669169647,0.755,0.344,2.06318280961042e-140,0,0.482747338817098,0.694,0.245,0,1.19994347424126e-144,0
"Tns1",4.52321626726015e-137,0.326563037710742,0.47,0.134,7.77721804992711e-133,0,0.452015584684893,0.597,0.168,0,4.52321626726015e-137,0
"Zfp703",1.4148545861058e-133,0.442500317760917,0.757,0.37,2.43270097535032e-129,0,0.516141446403684,0.841,0.361,0,1.4148545861058e-133,0
"Ms4a6d",5.11666952225695e-116,0.251467262328864,0.613,0.247,8.7976015765686e-112,0,0.536863279164204,0.775,0.271,0,5.11666952225695e-116,0
"Anpep",9.70643420455165e-111,0.299317829399672,0.605,0.243,1.66892429713061e-106,0,0.464372272353492,0.734,0.236,0,9.70643420455165e-111,0
"Wfdc17",1.3886422519305e-171,0.651112045731001,0.994,0.729,2.38763148796931e-167,1.90281174674393e-307,0.71137049630975,0.997,0.818,3.27169451735151e-303,1.3886422519305e-171,3.80562349348745e-307
"Ahnak",1.54730377690166e-146,0.514320317195692,0.991,0.717,2.66043411400471e-142,2.15176190784207e-307,0.62958478336629,0.992,0.628,3.69973942434366e-303,1.54730377690166e-146,4.30352381568402e-307
"Plxna1",1.85633545986211e-94,0.270025543243923,0.759,0.399,3.19178318968691e-90,3.76719365640368e-305,0.456173980975309,0.822,0.339,6.47731277282049e-301,1.85633545986211e-94,7.53438731280669e-305
"Mmp14",1.82798208412539e-156,0.456506458381158,0.596,0.2,3.14303239544519e-152,4.81631698869523e-303,0.533059098477508,0.573,0.175,8.28117543036258e-299,1.82798208412539e-156,9.63263397739024e-303
"Grn",2.60717512774547e-210,0.626725997315613,0.999,0.778,4.48277691464555e-206,1.6490511119828e-301,0.573773207225422,0.997,0.772,2.83537848194323e-297,2.60717512774547e-210,3.29810222396536e-301
"F7",1.59853799370966e-213,0.691381062225258,0.868,0.347,2.74852622638439e-209,1.0371570066061e-298,0.626830893272882,0.906,0.449,1.78328775715853e-294,1.59853799370966e-213,2.07431401321219e-298
"Slc7a2",1.45111369053456e-275,0.892220844334183,0.829,0.254,2.49504487950512e-271,7.93896096140606e-295,0.589335252889649,0.717,0.272,1.36502494770416e-290,1.45111369053456e-275,1.58779219228116e-294
"Aplp2",4.01153585153878e-167,0.590826202041631,0.983,0.665,6.89743474313579e-163,8.51316681637754e-295,0.580921576595882,0.974,0.547,1.46375390240795e-290,4.01153585153878e-167,1.70263336327538e-294
"Sgk1",8.00544255143195e-285,0.938466313158986,0.9,0.32,1.37645579229321e-280,1.36838454315102e-268,0.509079135950396,0.73,0.278,2.35280038349386e-264,1.36838454315102e-268,1.60108851028636e-284
"Dab2",5.86110749605448e-123,0.412608108835139,0.907,0.507,1.00775882287161e-118,1.0792951856402e-283,0.610016112721266,0.973,0.554,1.85574014218976e-279,5.86110749605448e-123,2.15859037128033e-283
"Ctsd",7.22955382376067e-213,0.987115607494117,1,0.874,1.24304948445741e-208,2.76912141151308e-283,0.618795748014012,0.999,0.927,4.76122735495558e-279,7.22955382376067e-213,5.53824282302609e-283
"Cd200r4",1.01071686851725e-173,0.503661754260464,0.89,0.404,1.73782658372856e-169,1.69512148122047e-280,0.48459327788066,0.834,0.356,2.91459187481048e-276,1.01071686851725e-173,3.39024296244064e-280
"Idh1",1.41461558701563e-230,0.62577036952401,0.962,0.537,2.43229004031467e-226,1.13856285913125e-277,0.409008197617141,0.769,0.329,1.95764497999028e-273,1.41461558701563e-230,2.27712571826238e-277
"Tmem256",1.18264534298929e-72,0.273052146333997,0.965,0.679,2.03344040273578e-68,9.86495222554515e-277,0.505406357839916,0.965,0.54,1.69617988566023e-272,1.18264534298929e-72,1.97299044510892e-276
"Acp2",2.45277425785352e-132,0.282596760593432,0.706,0.319,4.21730005895335e-128,2.66421801429557e-274,0.341281832520754,0.676,0.256,4.58085645377981e-270,2.45277425785352e-132,5.32843602859084e-274
"Fcgr2b",1.30538243279716e-147,0.558163937129535,0.919,0.519,2.24447455495144e-143,9.41029361509414e-273,0.620416281144965,0.934,0.492,1.61800588417929e-268,1.30538243279716e-147,1.88205872301878e-272
"S100a1",1.88876824233337e-128,0.400617338232288,0.956,0.637,3.24754811586799e-124,6.3194154916473e-272,0.565600070326432,0.895,0.451,1.08656029963384e-267,1.88876824233337e-128,1.26388309832939e-271
"Cd93",2.3890586829578e-164,0.528203589205907,0.914,0.428,4.10774749947763e-160,2.10093241550194e-268,0.521234270762172,0.974,0.557,3.61234319521404e-264,2.3890586829578e-164,4.20186483100362e-268
"Gmpr",6.11469814502661e-160,0.351643719726847,0.505,0.141,1.05136119905587e-155,2.71074396325223e-264,0.34587807854269,0.475,0.139,4.66085317041588e-260,6.11469814502661e-160,5.42148792650436e-264
"Syngr1",1.10831674757488e-141,0.355709429589533,0.662,0.24,1.90563981578024e-137,7.52401092767556e-262,0.454598317071067,0.776,0.312,1.29367843890454e-257,1.10831674757488e-141,1.50480218553509e-261
"Mgll",1.71636494689927e-111,0.537861569458443,0.865,0.547,2.95111788969861e-107,3.9602495381133e-253,0.577069599859365,0.858,0.427,6.809253055832e-249,1.71636494689927e-111,7.92049907622584e-253
"Sh3bgrl",1.30171958878049e-125,0.425063154556626,0.982,0.714,2.23817666094918e-121,3.99834657303541e-253,0.48295142572385,0.975,0.591,6.87475709767709e-249,1.30171958878049e-125,7.99669314607024e-253
"Hmgcs1",1.38844358488907e-65,0.326604502605149,0.774,0.492,2.38728989985826e-61,6.79599347580407e-252,0.501963943708748,0.817,0.396,1.16850311822975e-247,1.38844358488907e-65,1.35919869516076e-251
"Igf1",1.13471581569441e-149,0.366386704326045,0.436,0.1,1.95103037350497e-145,5.77065869692028e-245,0.458996619357556,0.578,0.187,9.92207056348472e-241,1.13471581569441e-149,1.15413173938394e-244
"Atp6v0d2",3.08283153599333e-171,0.667135395574604,0.92,0.422,5.30062054298693e-167,2.53846374542399e-244,0.569790867898928,0.942,0.496,4.36463456388202e-240,3.08283153599333e-171,5.07692749084766e-244
"Fam213b",4.08421771005815e-130,0.273650545805073,0.469,0.144,7.02240393067399e-126,1.46034117891052e-242,0.263337323056132,0.383,0.096,2.51091062301875e-238,4.08421771005815e-130,2.92068235782089e-242
"Serpinb6a",4.11361170966426e-99,0.378021657750104,0.604,0.271,7.07294397359674e-95,2.21634289158835e-236,0.435706112674609,0.632,0.232,3.81077996779701e-232,4.11361170966426e-99,4.43268578317643e-236
"Psap",8.81225932213106e-233,0.900168738545283,1,0.944,1.51517986784721e-228,2.50955920087252e-233,0.506459413451,1,0.97,4.31493608998021e-229,8.81225932213106e-233,5.0191184017449e-233
"Ctsb",1.98168970506419e-175,0.632545230662582,0.997,0.823,3.40731727888737e-171,9.31376215479334e-233,0.556580479218594,0.999,0.847,1.60140826489517e-228,1.98168970506419e-175,1.86275243095865e-232
"Scd2",1.60372508070192e-47,0.396547979968488,0.873,0.636,2.75744490375888e-43,4.94820773889473e-229,0.598621971734085,0.865,0.459,8.5079483862556e-225,1.60372508070192e-47,9.89641547778841e-229
"C1qb",7.51579870783429e-12,0.29955334884015,0.453,0.335,1.29226642982503e-07,2.11507917958127e-228,1.04007931801873,0.489,0.163,3.63666714137203e-224,7.51579870783429e-12,4.23015835916209e-228
"Mpeg1",1.83289835519466e-219,0.789290001998851,0.998,0.675,3.15148543192171e-215,1.3002200644686e-226,0.482845840637671,0.988,0.687,2.23559837884731e-222,1.83289835519466e-219,2.600440128937e-226
"Smpdl3a",1.65221203052937e-226,0.678682093972673,0.929,0.437,2.8408133652922e-222,6.01906858877248e-199,0.321935779149593,0.744,0.335,1.03491865315354e-194,6.01906858877248e-199,3.30442406105839e-226
"Lgmn",8.38304643658502e-124,0.40317581207071,0.906,0.52,1.44138100430643e-119,8.28592355419245e-226,0.627804508803832,0.931,0.487,1.42468169590785e-221,8.38304643658502e-124,1.65718471083833e-225
"Nrp2",1.14459464084773e-125,0.334086333072156,0.878,0.448,1.96801602547358e-121,3.33756830585468e-225,0.355927137621053,0.848,0.361,5.73861494508654e-221,1.14459464084773e-125,6.67513661170869e-225
"Esyt1",2.07785604482874e-96,0.335178015196392,0.902,0.569,3.57266568347854e-92,5.97367092997323e-224,0.405556692523987,0.85,0.427,1.0271129796996e-219,2.07785604482874e-96,1.19473418599462e-223
"Ccnd1",7.35556769259555e-09,-0.285918598071764,0.248,0.316,0.000126471630906488,2.0758642834797e-223,0.416241123114467,0.669,0.262,3.56924104901499e-219,7.35556769259555e-09,4.15172856695905e-223
"Sdc3",6.82451914951856e-142,0.470643559958106,0.751,0.352,1.17340782256822e-137,5.14038866476149e-223,0.391592914653432,0.663,0.262,8.83838427019091e-219,6.82451914951856e-142,1.02807773295231e-222
"Pid1",2.91541336175537e-123,0.406680208577757,0.817,0.43,5.01276173420218e-119,2.43972705378645e-221,0.350071332109479,0.77,0.342,4.19486669628042e-217,2.91541336175537e-123,4.87945410757299e-221
"Cd302",1.30807863948061e-206,0.525875408039647,0.911,0.425,2.24911041272297e-202,7.89016714350767e-218,0.309182856412155,0.719,0.311,1.35663533865471e-213,1.30807863948061e-206,1.57803342870157e-217
"B2m",3.55375042101647e-146,0.504572555197861,0.999,0.883,6.11031847389572e-142,6.84715909523492e-217,0.46264153900689,0.999,0.85,1.17730053483469e-212,3.55375042101647e-146,1.36943181904702e-216
"C1qc",1.731645636963e-09,0.250164165142532,0.369,0.276,2.97739150819419e-05,1.5959158898536e-212,0.870484787848676,0.43,0.136,2.74401778101427e-208,1.731645636963e-09,3.19183177970713e-212
"Gpnmb",1.29557711937464e-147,0.52417064189904,0.982,0.576,2.22761529905276e-143,4.67104509194408e-212,0.462416313595717,0.995,0.727,8.03139493108866e-208,1.29557711937464e-147,9.34209018388843e-212
"Itgb5",4.44585917970082e-186,0.421726636833668,0.792,0.332,7.64421027357759e-182,1.65710599502703e-211,0.283051973007652,0.559,0.211,2.84922804784947e-207,4.44585917970082e-186,3.31421199005405e-211
"Tfec",6.31819725477239e-111,0.268894535753166,0.667,0.281,1.08635083598556e-106,1.19939361158162e-210,0.308428921002108,0.752,0.336,2.06223737575344e-206,6.31819725477239e-111,2.3987872231632e-210
"Pf4",4.07999854224711e-90,1.15807747915975,0.489,0.197,7.01514949353968e-86,1.85508883440406e-206,1.47430946866292,0.719,0.344,3.18963974187434e-202,4.07999854224711e-90,3.71017766880809e-206
"Rnase4",3.21305559003132e-146,0.251492207401943,0.611,0.203,5.52452778149985e-142,1.5131542936986e-205,0.269117941715373,0.587,0.216,2.60171749258538e-201,3.21305559003132e-146,3.02630858739728e-205
"Ear2",1.6234244230468e-205,0.902830063400052,0.524,0.119,2.79131595298667e-201,1.05423608869661e-182,0.422650743160852,0.266,0.06,1.81265353090495e-178,1.05423608869661e-182,3.24684884609366e-205
"Mafb",4.07246662774109e-57,0.59377087965541,0.661,0.415,7.00219911973803e-53,1.15049316469078e-203,0.527716147391359,0.634,0.265,1.97815794736933e-199,4.07246662774109e-57,2.30098632938163e-203
"Bhlhe41",2.28503408433427e-159,0.367411261992442,0.679,0.22,3.92888760460434e-155,5.77393000517305e-201,0.286196611812093,0.811,0.347,9.92769525089454e-197,2.28503408433427e-159,1.15478600103461e-200
"Fblim1",1.03730256326188e-186,0.296391046676374,0.662,0.203,1.78353802727247e-182,5.03564887870523e-200,0.258728270683678,0.572,0.216,8.65829468204577e-196,1.03730256326188e-186,1.00712977574104e-199
"Canx",1.20124213957083e-141,0.479255360901903,0.983,0.724,2.06541573477808e-137,3.35824688531943e-198,0.414927849476281,0.981,0.64,5.77416969461823e-194,1.20124213957083e-141,6.71649377063883e-198
"Gns",3.8997571938273e-173,0.552992858058961,0.968,0.601,6.70524251906666e-169,4.67300014331789e-198,0.40366439727538,0.958,0.568,8.03475644642078e-194,3.8997571938273e-173,9.34600028663605e-198
"Plxdc2",5.81296027067365e-96,0.354297472810793,0.753,0.383,9.99480388939627e-92,1.60378783892315e-197,0.331535109370066,0.56,0.216,2.75755281024447e-193,5.81296027067365e-96,3.20757567784633e-197
"Rragc",2.29416768480094e-104,0.302581019871118,0.926,0.627,3.94459191724673e-100,6.30138474266393e-196,0.334832987736707,0.904,0.502,1.08346009265364e-191,2.29416768480094e-104,1.26027694853278e-195
"Cybb",1.21976442300757e-195,0.814593639482349,0.995,0.637,2.09726294891921e-191,2.98295500251491e-131,0.323925819471414,0.954,0.609,5.12889283132413e-127,2.98295500251491e-131,2.4395288460152e-195
"Fabp4",1.81275064866106e-75,0.669477917327445,0.292,0.085,3.11684346530782e-71,1.0066022014057e-193,0.813033294396195,0.398,0.12,1.73075182509696e-189,1.81275064866106e-75,2.01320440281136e-193
"Axl",2.31130396341659e-193,0.682425530929842,0.904,0.43,3.97405603469849e-189,2.41213740204615e-154,0.284790679391375,0.477,0.182,4.14742904907815e-150,2.41213740204615e-154,4.62260792683332e-193
"Ccr5",4.26536859377423e-102,0.449968393626803,0.851,0.473,7.33387476013541e-98,3.56342200402604e-193,0.421609346450392,0.845,0.424,6.12694779372237e-189,4.26536859377423e-102,7.12684400805198e-193
"Arl8b",7.05971332926835e-64,0.266766922682822,0.892,0.627,1.2138471098344e-59,1.62437757662861e-192,0.425653916584243,0.928,0.538,2.79295480525523e-188,7.05971332926835e-64,3.24875515325715e-192
"Comt",1.75434994102859e-94,0.285169962712208,0.875,0.527,3.01642928860456e-90,6.0113997261541e-191,0.266452166590334,0.733,0.34,1.03360006891494e-186,1.75434994102859e-94,1.20227994523083e-190
"Ap2a2",2.29128209994971e-116,0.327713586132443,0.875,0.52,3.93963044265353e-112,6.91285800094528e-191,0.313879004683962,0.793,0.4,1.18859680468253e-186,2.29128209994971e-116,1.38257160018905e-190
"Ccl6",2.79313154074108e-94,0.512502996737377,1,0.947,4.80251037115021e-90,1.70431164223158e-190,0.476818632800766,0.999,0.977,2.93039343765298e-186,2.79313154074108e-94,3.40862328446326e-190
"Trem2",7.67237096737057e-162,0.602000526627817,0.945,0.497,1.3191874641297e-157,7.74784930095669e-189,0.391751610166847,0.891,0.432,1.33216520880649e-184,7.67237096737057e-162,1.54956986019132e-188
"Ctsz",1.61135513246807e-95,0.374680967328897,0.997,0.822,2.7705640147656e-91,1.83991614226386e-188,0.424056219011544,0.996,0.762,3.16355181500848e-184,1.61135513246807e-95,3.67983228452773e-188
"Malat1",1.5289324190157e-24,-0.491932376974232,1,0.924,2.62884640125559e-20,3.13950800961505e-188,-0.986348220183498,0.998,0.963,5.39807007173212e-184,1.5289324190157e-24,6.27901601923016e-188
"Pld4",4.82307332942204e-138,0.401993804870134,0.813,0.395,8.29279228260825e-134,1.60351357965013e-184,0.283917502740593,0.461,0.159,2.75708124885044e-180,4.82307332942204e-138,3.20702715930024e-184
"Sirpa",1.043984735892e-141,0.574208735980164,0.997,0.79,1.7950273548927e-137,3.3737293625272e-184,0.413202769565659,0.998,0.825,5.80079026592926e-180,1.043984735892e-141,6.7474587250546e-184
"Ctsa",3.61110933740997e-182,0.581748623012271,0.981,0.682,6.20894139474269e-178,2.77410194117267e-168,0.39357745474359,0.984,0.652,4.76979087765229e-164,2.77410194117267e-168,7.2222186748201e-182
"Glul",7.04319406950663e-129,0.3268040122165,0.712,0.335,1.21100678831097e-124,5.02444141091532e-182,0.264181806021385,0.538,0.212,8.6390245619278e-178,7.04319406950663e-129,1.00488828218305e-181
"Akr1a1",6.8569429403784e-110,0.28047143590437,0.999,0.882,1.17898276916866e-105,5.33945052440241e-181,0.356871736308123,0.999,0.828,9.1806512316575e-177,6.8569429403784e-110,1.06789010488045e-180
"Lrpap1",3.05843187985608e-76,0.291641372768002,0.876,0.589,5.25866777422454e-72,6.03928060628321e-181,0.480678958107434,0.888,0.491,1.03839390744433e-176,3.05843187985608e-76,1.20785612125665e-180
"Ftl1",1.98091687761007e-99,0.325679900092497,1,0.999,3.40598847936275e-95,1.02486762118463e-179,0.342105621048818,1,0.999,1.76215738786485e-175,1.98091687761007e-99,2.0497352423693e-179
"Sulf2",3.60432202183899e-77,0.263775870939673,0.515,0.248,6.19727128434996e-73,2.24357842371914e-178,0.254943797310559,0.438,0.157,3.85760874174269e-174,3.60432202183899e-77,4.48715684743841e-178
"Npc2",4.24095329765344e-131,0.430631021355776,0.999,0.855,7.29189509998532e-127,1.50533254455483e-177,0.390937516710964,0.998,0.815,2.58826877710757e-173,4.24095329765344e-131,3.0106650891096e-177
"Srgn",6.69085722205202e-53,-0.716306033708031,0.777,0.797,1.15042599075962e-48,4.99610640563361e-177,-1.2103704453702,0.693,0.8,8.59030535384643e-173,6.69085722205202e-53,9.99221281126736e-177
"Nampt",1.63136869616791e-88,0.304324767363821,0.837,0.51,2.8049753361911e-84,6.30375912472259e-177,0.316084371357237,0.912,0.523,1.0838683439048e-172,1.63136869616791e-88,1.2607518249445e-176
"Hexa",2.1053000158223e-175,0.534860880417891,0.994,0.738,3.61985284720487e-171,3.58046814146861e-173,0.382855464464868,0.981,0.677,6.15625692244113e-169,3.58046814146861e-173,4.21060003164467e-175
"Cd68",3.70986358200621e-171,0.567241639487995,0.983,0.66,6.37873944290148e-167,1.87022774880442e-173,0.389445974554335,0.98,0.668,3.21566959129431e-169,3.70986358200621e-171,3.74045549760893e-173
"Lrp1",3.5697237168344e-170,0.502974616523474,0.949,0.453,6.13778295872506e-166,1.64245923537809e-147,0.356120476317628,0.963,0.577,2.82404440930909e-143,1.64245923537809e-147,7.13944743366871e-170
"Plekhb2",4.36007356383913e-102,0.262820577682326,0.873,0.522,7.496710485665e-98,1.31736929856987e-169,0.256113132292236,0.801,0.404,2.26508477196104e-165,4.36007356383913e-102,2.63473859713969e-169
"Ctsc",1.33123362372092e-169,0.624071974465632,0.976,0.705,2.28892309262575e-165,3.20565869460446e-154,0.360510086206098,0.923,0.578,5.51180955950291e-150,3.20565869460446e-154,2.6624672474418e-169
"Pon2",5.73990562712982e-141,0.395610770986167,0.931,0.588,9.86919373528702e-137,4.59185434819421e-169,0.283166336681901,0.828,0.442,7.89523436628512e-165,5.73990562712982e-141,9.18370869638859e-169
"Mfsd12",7.05732033964603e-103,0.267076334034933,0.827,0.451,1.21343565919874e-98,3.15938556503999e-160,0.263753220378015,0.791,0.397,5.43224754052975e-156,7.05732033964603e-103,6.31877113008013e-160
"Ifitm1",4.22836168095604e-106,-1.75978653766782,0.667,0.804,7.27024507423581e-102,6.95871881901318e-159,-2.01879612493357,0.659,0.775,1.19648211374113e-154,4.22836168095604e-106,1.39174376380265e-158
"Ddhd1",4.28221727208903e-114,0.398034054037527,0.933,0.586,7.36284437762988e-110,2.15394184721851e-158,0.268380614001863,0.908,0.508,3.70348761210751e-154,4.28221727208903e-114,4.30788369443706e-158
"Sdcbp",3.99180457733175e-113,0.396750744430002,0.991,0.821,6.86350879026422e-109,2.26920552051536e-158,0.337176931716871,0.994,0.801,3.90167197197412e-154,3.99180457733175e-113,4.53841104103067e-158
"Kctd12",7.16251488950887e-87,0.377116954380253,0.912,0.657,1.23152281010215e-82,1.57960142849356e-155,0.323125649595212,0.82,0.462,2.71596669615182e-151,7.16251488950887e-87,3.15920285698719e-155
"Fth1",1.22854433519783e-151,0.517982685061344,1,0.999,2.11235912993914e-147,5.24771595594918e-137,0.337908726087557,1,1,9.02292281465902e-133,5.24771595594918e-137,2.45708867039569e-151
"Cd81",2.44841958729358e-106,0.351503951060842,0.903,0.488,4.20981263839258e-102,1.34036682748294e-151,0.285626415718621,0.862,0.463,2.30462672317416e-147,2.44841958729358e-106,2.68073365496584e-151
"Cd200r1",4.06123443700243e-72,0.257905479796792,0.887,0.568,6.98288649098197e-68,1.80807472491971e-149,0.28418972380285,0.895,0.479,3.10880368202695e-145,4.06123443700243e-72,3.61614944983949e-149
"Hvcn1",2.4659345721709e-79,0.265255611985391,0.863,0.539,4.23992790339065e-75,2.05733149369961e-148,0.299802306315925,0.879,0.492,3.53737577026711e-144,2.4659345721709e-79,4.11466298739926e-148
"Atp6ap1",5.63176387854534e-95,0.300911983849304,0.948,0.656,9.68325481277086e-91,3.13713830512222e-147,0.322621786584153,0.956,0.605,5.39399560182715e-143,5.63176387854534e-95,6.2742766102446e-147
"Laptm4a",1.75182994702436e-129,0.36584300191409,0.958,0.653,3.01209641091368e-125,2.75019730998084e-146,0.280874533855901,0.887,0.518,4.72868925478105e-142,1.75182994702436e-129,5.50039461996174e-146
"Timp2",4.4818991454975e-112,0.347474481814427,0.898,0.49,7.7061773907684e-108,1.29476293049577e-143,0.358253059450484,0.917,0.558,2.22621538269444e-139,4.4818991454975e-112,2.5895258609915e-143
"Marco",1.56454231444137e-57,0.731163239009085,0.147,0.028,2.69007405545049e-53,1.29534966976733e-143,0.771558344237363,0.189,0.038,2.22722422219795e-139,1.56454231444137e-57,2.59069933953475e-143
"Sept9",1.63811253038024e-89,0.413089651436452,0.944,0.677,2.81657068473578e-85,1.69443249115117e-142,0.338507975450506,0.894,0.531,2.91340722528532e-138,1.63811253038024e-89,3.38886498230238e-142
"Hsp90b1",2.22740000252303e-54,0.280572978414471,0.985,0.752,3.8297915643381e-50,1.75467018942088e-142,0.37570294162243,0.989,0.697,3.01697992369026e-138,2.22740000252303e-54,3.5093403788418e-142
"H2-K1",6.58666588337131e-94,0.346289454392397,0.994,0.805,1.13251133198686e-89,7.62487323182409e-141,0.337961214270455,0.983,0.716,1.31102070347983e-136,6.58666588337131e-94,1.52497464636483e-140
"Lipa",6.1896191254865e-137,0.458276275911596,0.932,0.547,1.06424311243615e-132,3.26720802506599e-140,0.262468783546052,0.877,0.462,5.61763747829847e-136,6.1896191254865e-137,6.5344160501321e-140
"Colgalt1",1.84460745403098e-56,0.261385539986878,0.962,0.687,3.17161805646086e-52,1.07977684765369e-137,0.303375692933917,0.926,0.532,1.85656831185575e-133,1.84460745403098e-56,2.15955369530737e-137
"Tpp1",1.52517247154665e-119,0.330786881884098,0.894,0.533,2.62238154757732e-115,1.13430697416942e-137,0.257139231439511,0.865,0.48,1.95032741138689e-133,1.52517247154665e-119,2.26861394833879e-137
"Nceh1",2.38756613234326e-125,0.362134053360876,0.923,0.55,4.105181207951e-121,8.95541434168362e-136,0.254083300251879,0.905,0.532,1.53979394190908e-131,2.38756613234326e-125,1.79108286833674e-135
"Il1r2",8.3115633719954e-82,-0.911460587727412,0.129,0.449,1.42909020618089e-77,1.55850321744995e-132,-1.21677213932238,0.185,0.471,2.67969043208344e-128,8.3115633719954e-82,3.11700643489996e-132
"Plin2",4.71544250629775e-120,0.459093702185517,0.967,0.685,8.10773184532835e-116,4.30657801119828e-131,0.325832154691228,0.906,0.545,7.40473023245432e-127,4.71544250629775e-120,8.61315602239647e-131
"Abcg1",6.72963619747763e-104,0.508442817065412,0.92,0.622,1.1570936477943e-99,6.97599343776564e-130,0.317403572496547,0.924,0.56,1.19945231168942e-125,6.72963619747763e-104,1.3951986875531e-129
"Cndp2",1.20110256603416e-82,0.257873505914054,0.931,0.642,2.06517575203913e-78,2.40462361463894e-129,0.307409761762869,0.955,0.629,4.1345098430102e-125,1.20110256603416e-82,4.80924722927786e-129
"App",1.79768155042572e-126,0.413855497821354,0.976,0.736,3.09093365780198e-122,9.32646417153519e-122,0.297906395174397,0.949,0.634,1.60359224965376e-117,9.32646417153519e-122,3.59536310085148e-126
"Eif1",1.30270642208308e-25,-0.299682444123477,0.999,0.944,2.23987342212965e-21,1.47235281156035e-122,-0.442110369006302,0.993,0.951,2.53156342419686e-118,1.30270642208308e-25,2.94470562312077e-122
"S100a4",0.0127879511378333,-0.313552890077832,0.884,0.705,1,4.02803462220256e-121,0.336333934672191,0.937,0.601,6.92580272941508e-117,0.0127879511378333,8.05606924440511e-121
"Tmem154",1.03582130924652e-73,0.27402181652436,0.904,0.635,1.78099115911846e-69,1.78126593866313e-116,0.256633917698311,0.903,0.563,3.06270865493739e-112,1.03582130924652e-73,3.56253187732625e-116
"Ucp2",7.91486542827233e-111,0.417692911628912,0.995,0.854,1.36088196173714e-106,3.87440888527736e-105,0.306810303477234,0.98,0.756,6.66165863734588e-101,3.87440888527736e-105,1.58297308565447e-110
"S100a6",7.42156841386217e-38,-0.727379291289168,0.985,0.948,1.27606447307946e-33,2.77385046625626e-110,-0.787414759456917,0.989,0.974,4.76935849168101e-106,7.42156841386217e-38,5.5477009325126e-110
"Ctsh",5.98522328016603e-98,0.463971107821771,0.972,0.723,1.02909929079175e-93,1.18438683897723e-109,0.256520592539446,0.907,0.553,2.03643473093744e-105,5.98522328016603e-98,2.36877367795448e-109
"Soat1",1.15397703836924e-99,0.357726476171548,0.976,0.676,1.98414811977207e-95,9.09476517101446e-106,0.26530444796999,0.982,0.687,1.56375392350423e-101,1.15397703836924e-99,1.81895303420287e-105
"S100a8",0.159523157002939,-3.150340611745,0.861,0.666,1,2.88625994087476e-105,-2.33645963133368,0.92,0.877,4.96263534234006e-101,0.159523157002939,5.77251988174949e-105
"Coro1a",4.31474094199207e-69,-0.585855859445088,0.958,0.868,7.41876557566117e-65,1.12817910197035e-101,-0.663923496675448,0.898,0.83,1.93979114792782e-97,4.31474094199207e-69,2.25635820394068e-101
"Pglyrp1",2.41820156232173e-57,-1.13646537587118,0.072,0.328,4.15785576625598e-53,2.82541836548135e-95,-1.35809929859686,0.135,0.382,4.85802433760863e-91,2.41820156232173e-57,5.65083673096268e-95
"Lcn2",4.94131614377449e-40,-1.95486328597145,0.094,0.292,8.49609897760585e-36,5.08625404954805e-94,-1.81238763608609,0.234,0.46,8.74530521279292e-90,4.94131614377449e-40,1.0172508099096e-93
"Abca1",1.5045481293946e-54,0.303330288113273,0.466,0.239,2.58692005368107e-50,3.76351245462707e-90,0.255955406311178,0.303,0.122,6.47098331448578e-86,1.5045481293946e-54,7.52702490925405e-90
"Nabp1",4.7910580455083e-39,0.306472895691095,0.815,0.62,8.23774520344698e-35,6.34407555184395e-90,0.262054537607172,0.888,0.57,1.09080035038405e-85,4.7910580455083e-39,1.26881511036879e-89
"Cd24a",2.31210279565082e-53,-0.662380880323471,0.626,0.728,3.97542954684201e-49,2.12412840898255e-89,-0.857299303924831,0.546,0.661,3.65222638640459e-85,2.31210279565082e-53,4.24825681796505e-89
"Cd52",1.57742130300164e-21,-0.285584507623255,0.995,0.947,2.71221818838103e-17,3.677765049164e-87,-0.512424117273598,0.977,0.93,6.32354922553257e-83,1.57742130300164e-21,7.35553009832802e-87
"S100a9",8.42051484180797e-09,-3.6147144023674,0.587,0.602,0.000144782332190046,1.23566101514547e-85,-2.30971929444131,0.855,0.825,2.12459554944113e-81,8.42051484180797e-09,2.47132203029096e-85
"Cnn2",3.76992977127923e-77,-0.638635319774731,0.272,0.554,6.48201724873751e-73,2.78321850480845e-49,-0.622323139038675,0.282,0.419,4.78546589716764e-45,2.78321850480845e-49,7.53985954255848e-77
"Thbs1",3.85094251628072e-73,0.498318980391813,0.85,0.567,6.62131056249308e-69,0.978587267404991,-0.445219526121681,0.797,0.667,1,0.978587267404991,7.7018850325615e-73
"Ubb",1.00093378710529e-45,-0.411972339785957,0.991,0.931,1.72100555354883e-41,3.2604548557708e-72,-0.458084691396027,0.978,0.917,5.60602607901231e-68,1.00093378710529e-45,6.52090971154168e-72
"Ltb",3.82685605851389e-72,-0.579943709660784,0.052,0.352,6.57989630700878e-68,4.56898195979773e-68,-0.625852174220927,0.066,0.255,7.85590758167621e-64,4.56898195979773e-68,7.65371211702783e-72
"Csf3r",2.89203327886298e-08,-0.677363451360963,0.171,0.23,0.000497256201967701,5.29895783443589e-72,-1.20488165043169,0.282,0.45,9.11102810052908e-68,2.89203327886298e-08,1.05979156688718e-71
"Sell",2.61715763073643e-41,-0.659920822250462,0.033,0.224,4.49994083028822e-37,1.05552457864398e-71,-0.877825447658842,0.079,0.276,1.81486896052046e-67,2.61715763073643e-41,2.11104915728796e-71
"S100a11",9.06151063309553e-39,-0.422361054642887,0.991,0.949,1.55803613825444e-34,1.38105403616708e-71,-0.537861235304746,0.985,0.924,2.37458430978567e-67,9.06151063309553e-39,2.76210807233413e-71
"Chil3",5.563882043723e-71,0.259489148541425,0.8,0.481,9.56653878597732e-67,2.82417478595532e-57,-0.320309666777178,0.82,0.52,4.85588612697158e-53,2.82417478595532e-57,1.11277640874459e-70
"Mapk13",3.28638985320619e-69,-0.359878546356592,0.059,0.351,5.65061871360273e-65,3.05119635166528e-49,-0.467648007346598,0.119,0.277,5.24622700705328e-45,3.05119635166528e-49,6.57277970641249e-69
"Mmp9",4.92425073527836e-35,-0.955205993832733,0.088,0.266,8.46675671423761e-31,4.85305589920737e-69,-0.995721239486924,0.142,0.337,8.34434431309716e-65,4.92425073527836e-35,9.70611179841474e-69
"Cxcr2",2.0233566352651e-29,-0.664475888347088,0.018,0.158,3.47895939867481e-25,1.34555303770081e-66,-1.0133127688884,0.058,0.242,2.31354389302277e-62,2.0233566352651e-29,2.69110607540165e-66
"Sorl1",1.97756088314472e-08,-0.375462297682188,0.448,0.493,0.000340021818247903,6.0107025076856e-61,-0.777541996155681,0.332,0.471,1.03348018917146e-56,1.97756088314472e-08,1.20214050153712e-60
"Hmgb2",2.12644907822855e-21,-0.902160233146415,0.769,0.712,3.65621654510617e-17,3.19683613271111e-55,-1.04067286794071,0.559,0.591,5.49664004658348e-51,2.12644907822855e-21,6.39367226542219e-55
"Jak2",3.63004504776433e-54,-0.640449195617082,0.472,0.605,6.24149945512599e-50,9.82788829234488e-21,-0.462938480512159,0.39,0.433,1.68980711298578e-16,9.82788829234488e-21,7.26009009552869e-54
"Txnip",5.32530114827219e-54,0.283724937855288,0.972,0.805,9.15632279433921e-50,1.66605896314125e-07,-0.464200902556869,0.87,0.739,0.00286462178122507,1.66605896314125e-07,1.06506022965444e-53
"Gm5483",2.95344694098611e-30,-1.59484814382247,0.241,0.424,5.07815667033152e-26,3.29197077684862e-52,-1.99531422120467,0.349,0.477,5.66021455371352e-48,2.95344694098611e-30,6.58394155369727e-52
"Ccl17",3.43027620422982e-52,-2.34696513459432,0.264,0.461,5.89801690555275e-48,0.059635139280766,-1.13967184567158,0.179,0.185,1,0.059635139280766,6.86055240845967e-52
"Tarm1",3.21991342447562e-21,-0.501326775101087,0.391,0.492,5.53631914204338e-17,1.63270274725472e-50,-0.949896463914054,0.5,0.559,2.80726910362976e-46,3.21991342447562e-21,3.26540549450943e-50
"Hp",0.0732660865531443,-0.489978725661206,0.306,0.237,1,9.26867268452295e-46,-0.700853292559131,0.11,0.254,1.59365558137688e-41,0.0732660865531443,1.85373453690458e-45
"H3f3b",6.7273650032046e-24,-0.342198405696358,0.999,0.94,1.156703138651e-19,4.73156455808977e-45,-0.459360409844077,0.997,0.946,8.13545210117955e-41,6.7273650032046e-24,9.46312911617957e-45
"2010005H15Rik",2.26770867214708e-39,-0.890835237826413,0.234,0.435,3.89909829088969e-35,1.9295538600037e-43,-1.23035715391837,0.249,0.383,3.31767490689037e-39,2.26770867214708e-39,3.8591077200074e-43
"Stfa2l1",1.79176202796365e-20,-1.02292884207169,0.038,0.149,3.0807556308807e-16,2.69947400827734e-43,-1.37723345666534,0.085,0.225,4.64147560983205e-39,1.79176202796365e-20,5.39894801655468e-43
"Jaml",9.28065809849462e-39,-0.658313374922282,0.336,0.494,1.59571635345516e-34,3.67202159725366e-05,-0.507587726364619,0.36,0.347,0.631367393431794,3.67202159725366e-05,1.85613161969892e-38
"Mxd1",1.65663135938974e-17,-0.617312165555325,0.348,0.45,2.84841195933473e-13,3.73688781064504e-37,-0.835345889177992,0.377,0.461,6.42520490162307e-33,1.65663135938974e-17,7.47377562129004e-37
"Chil1",1.42234135339307e-19,-0.41598925844704,0.016,0.113,2.44557372302404e-15,2.88561119035521e-36,-0.531416182081015,0.05,0.167,4.96151988069675e-32,1.42234135339307e-19,5.77122238071044e-36
"AC110211.1",2.93039791009991e-17,-0.308961200797461,0.032,0.126,5.03852616662579e-13,9.75854168705567e-36,-0.446745507583251,0.04,0.152,1.67788365767235e-31,2.93039791009991e-17,1.95170833741115e-35
"Ifitm2",6.78288116355461e-14,-0.396192245068711,0.893,0.814,1.16624858726158e-09,1.21473607802878e-35,-0.645486965294026,0.828,0.733,2.08861721256268e-31,6.78288116355461e-14,2.42947215605755e-35
"Apoe",1.9141698554445e-35,0.968112733474531,0.306,0.146,3.29122364945128e-31,9.63018926121711e-22,0.600778572939699,0.114,0.054,1.65581474157367e-17,9.63018926121711e-22,3.82833971088903e-35
"Lbr",1.10585288061994e-33,-0.309951640150395,0.174,0.359,1.90140344293793e-29,1.5849342447704e-21,-0.415961733799262,0.2,0.285,2.72513594045822e-17,1.5849342447704e-21,2.2117057612399e-33
"Ifitm3",1.56214046175859e-33,-0.788011514014542,0.667,0.732,2.68594430994771e-29,1.37732829382795e-16,-0.541693830324902,0.55,0.56,2.36817826840778e-12,1.37732829382795e-16,3.12428092351718e-33
"Stfa2",1.57286834880981e-19,-1.39984942308294,0.028,0.132,2.70438983894359e-15,4.07411219141492e-33,-1.64212911449335,0.085,0.203,7.00502850191881e-29,1.57286834880981e-19,8.1482243828298e-33
"Enah",5.43984801749566e-32,-0.322532900227487,0.25,0.424,9.35327468128203e-28,0.711313780631477,-0.300597753761692,0.366,0.322,1,0.711313780631477,1.08796960349913e-31
"Atox1",8.23486371702806e-32,-0.319020727420845,0.986,0.898,1.41590246750581e-27,1.44222221561775e-26,-0.330512718667523,0.974,0.861,2.47975687753315e-22,1.44222221561775e-26,1.64697274340562e-31
"Rac2",4.39040117647415e-18,-0.358016125514836,0.951,0.812,7.54885578282966e-14,3.56588367879464e-31,-0.4609289847638,0.844,0.734,6.13118039731951e-27,4.39040117647415e-18,7.13176735758925e-31
"Ifitm6",6.10900965050092e-28,-0.680023546364641,0.135,0.295,1.05038311930713e-23,5.47966091927216e-31,-0.753572645500143,0.078,0.19,9.42172898459656e-27,6.10900965050092e-28,1.09593218385443e-30
"Cd74",4.24874195033828e-30,-1.11171907706283,0.811,0.775,7.30528690941164e-26,0.000380243569820186,-0.744230809112838,0.807,0.698,1,0.000380243569820186,8.49748390067659e-30
"Gadd45b",4.90115918097273e-30,-0.637609711713244,0.182,0.347,8.4270530957645e-26,1.06385039055895e-29,-0.826443628194865,0.342,0.427,1.82918436152705e-25,1.06385039055895e-29,9.80231836194549e-30
"Vasp",5.85090724153306e-08,-0.293652710661355,0.931,0.801,0.0010060049911092,9.22253831594416e-29,-0.53210456285373,0.838,0.731,1.58572323804344e-24,5.85090724153306e-08,1.84450766318883e-28
"Jund",4.19379512064404e-28,-0.39573529527249,0.969,0.875,7.21081133043537e-24,7.02660090914878e-10,-0.275509797051187,0.961,0.801,1.20815376031904e-05,7.02660090914878e-10,8.38759024128809e-28
"Ier5",5.90575463804162e-20,-0.402583147687413,0.603,0.663,1.01543545246488e-15,7.19763096451617e-28,-0.550922266117089,0.598,0.602,1.23756066803891e-23,5.90575463804162e-20,1.43952619290324e-27
"Lst1",0.772804287490296,-0.409722130858325,0.749,0.666,1,3.11498903268978e-27,-0.637897947615861,0.791,0.736,5.35591214280681e-23,0.772804287490296,6.22997806537956e-27
"Sub1",7.29110688913724e-27,-0.343748839960976,0.974,0.868,1.25363291851826e-22,2.69410975038736e-12,-0.352854396573985,0.933,0.773,4.63225230481603e-08,2.69410975038736e-12,1.45822137782745e-26
"H2-Eb1",9.09053076625371e-27,-1.25314736500123,0.389,0.497,1.56302585994966e-22,0.35868628927566,-0.987068001504906,0.263,0.227,1,0.35868628927566,1.81810615325075e-26
"Adam8",7.69157542961601e-26,-0.359624018985695,0.518,0.63,1.32248947936818e-21,1.11260593524407e-06,-0.259409784342495,0.757,0.654,0.0191301464505866,1.11260593524407e-06,1.5383150859232e-25
"Klf2",0.037268722774844,-0.406517633273024,0.469,0.44,1,1.13923934500052e-25,-0.626547794486703,0.272,0.354,1.95880812979389e-21,0.037268722774844,2.27847869000104e-25
"Zyx",1.15688948138978e-25,-0.491287304734828,0.832,0.755,1.98915577430159e-21,0.00847467690590894,-0.291668031643616,0.78,0.636,1,0.00847467690590894,2.31377896277957e-25
"Rflnb",3.12951579616196e-25,-0.292041847879869,0.098,0.248,5.38088945992088e-21,1.49461931647786e-23,-0.287601567750842,0.078,0.17,2.56984845275203e-19,1.49461931647786e-23,6.25903159232392e-25
"Lrg1",5.83624880220368e-09,-0.321208441801739,0.08,0.145,0.00010034846190509,3.29984734278276e-25,-0.434573968573156,0.071,0.163,5.67375752118067e-21,5.83624880220368e-09,6.59969468556551e-25
"Treml2",4.81243555155238e-24,-0.318541410409705,0.275,0.417,8.27450168733916e-20,1.22025158335006e-22,-0.382402189807983,0.147,0.24,2.0981005724121e-18,1.22025158335006e-22,9.62487110310479e-24
"Slfn1",1.64419111614722e-07,-0.422894233990759,0.225,0.285,0.00282702220510354,6.03428161914293e-24,-0.687359199398593,0.285,0.358,1.03753438159544e-19,1.64419111614722e-07,1.20685632382859e-23
"Rasgrp4",1.93251752273664e-22,-0.310071107438169,0.365,0.479,3.32277062859338e-18,4.2721733640877e-13,-0.431597226498178,0.32,0.354,7.3455748822124e-09,4.2721733640877e-13,3.86503504547328e-22
"F630028O10Rik",0.0656901201717568,-0.518380920798745,0.522,0.425,1,2.19440276962865e-22,-0.94397033960136,0.377,0.42,3.7730561220995e-18,0.0656901201717568,4.3888055392573e-22
"Actn1",3.53854388616198e-22,-0.344464409036265,0.786,0.702,6.0841723578669e-18,0.00147765152778657,-0.278007955966497,0.741,0.594,1,0.00147765152778657,7.07708777232397e-22
"Hist1h4d",3.69470602421655e-20,-0.339274466685026,0.24,0.371,6.35267753803793e-16,4.6490723383508e-22,-0.341174856256994,0.132,0.224,7.99361497856036e-18,3.69470602421655e-20,9.29814467670162e-22
"AY036118",7.90613154344746e-22,-0.594229254291682,0.83,0.803,1.35938025758036e-17,2.88482642426884e-08,-0.445712405464752,0.606,0.556,0.000496017055388785,2.88482642426884e-08,1.5812263086895e-21
"H2-Aa",9.1881035307868e-22,-1.03693715293612,0.462,0.532,1.57980252108348e-17,0.00346545163218375,-0.743597229838388,0.314,0.251,1,0.00346545163218375,1.83762070615737e-21
"Id1",1.31192953462559e-08,-0.393692188747369,0.237,0.31,0.000225573164183524,6.92093285574801e-21,-0.544550233892709,0.336,0.403,1.18998519521731e-16,1.31192953462559e-08,1.38418657114961e-20
"Mmp8",1.09722463045601e-20,-0.274012436294093,0.908,0.585,1.88656802960606e-16,2.78344923167214e-13,-0.565756242247433,0.967,0.829,4.78586260893708e-09,2.78344923167214e-13,2.19444926091201e-20
"Ier3",0.0579856161602841,-0.361740272267367,0.794,0.665,1,3.66210448434395e-20,-0.681476221630894,0.877,0.777,6.29662245038099e-16,0.0579856161602841,7.32420896868791e-20
"Cytip",1.39097899445284e-19,-0.617032781767386,0.486,0.539,2.39164928306221e-15,3.80160623536917e-06,-0.374381940934065,0.258,0.282,0.0653648176109375,3.80160623536917e-06,2.78195798890568e-19
"Pclaf",9.98725535797168e-19,-0.533254765399142,0.083,0.197,1.71720868624965e-14,2.87947857496616e-10,-0.294636451190169,0.073,0.122,4.95097546179681e-06,2.87947857496616e-10,1.99745107159435e-18
"Cish",1.36661492805818e-18,-0.345168873923553,0.546,0.603,2.34975770730324e-14,0.0260905375071609,-0.266990194522589,0.824,0.671,1,0.0260905375071609,2.73322985611637e-18
"Stfa3",1.35464842235972e-07,-1.164471670165,0.065,0.121,0.0023291824974053,4.91315311644522e-18,-1.39866838412243,0.122,0.2,8.44767546841592e-14,1.35464842235972e-07,9.82630623289047e-18
"Hcar2",1.02591060215027e-15,-0.35785951545939,0.168,0.287,1.76395068933717e-11,1.73201222189335e-17,-0.68577482909021,0.219,0.293,2.97802181432342e-13,1.02591060215027e-15,3.4640244437867e-17
"Cst3",4.94434597576137e-17,-1.42281595260824,0.999,0.922,8.5013084707241e-13,0.00319332830484574,-0.787416451093445,0.988,0.881,1,0.00319332830484574,9.88869195152273e-17
"H2-Ab1",4.98341396326034e-17,-1.16948165327693,0.537,0.561,8.56848196842982e-13,1.38440487401649e-06,-0.802645940066447,0.356,0.267,0.0238034574038396,1.38440487401649e-06,9.96682792652067e-17
"Mki67",0.018165164173338,-0.461776914705666,0.347,0.258,1,1.06807626193379e-16,-0.293581239590049,0.33,0.202,1.83645032476896e-12,0.018165164173338,2.13615252386759e-16
"Hmgb1",7.31093111508692e-16,-0.383616429027325,0.967,0.826,1.25704149592804e-11,1.4231929786698e-11,-0.325253360049746,0.914,0.748,2.44703800752485e-07,1.4231929786698e-11,1.46218622301738e-15
"Ncf4",6.72610708869791e-05,-0.328423209391597,0.755,0.689,1,8.19763100202969e-16,-0.408709820510416,0.72,0.642,1.40950067448898e-11,6.72610708869791e-05,1.63952620040594e-15
"Top2a",1.97523357132627e-15,-0.585294331605995,0.1,0.202,3.39621660253839e-11,7.44445256984468e-07,-0.399584665201002,0.103,0.14,0.0127999917485909,7.44445256984468e-07,3.95046714265254e-15
"Plp2",3.87020043985335e-15,-0.301883618447153,0.72,0.692,6.65442263628386e-11,1.7014971626496e-08,-0.365230302630046,0.617,0.551,0.000292555422145973,1.7014971626496e-08,7.7404008797067e-15
"Ccnd2",3.32303074720192e-14,-0.420333571254867,0.365,0.451,5.71361906673898e-10,0.00299206001348567,-0.342093857348204,0.224,0.236,1,0.00299206001348567,6.64606149440372e-14
"Ube2c",5.43241606662065e-14,-0.422627933770595,0.088,0.183,9.34049618494755e-10,5.12700903160713e-14,-0.337066974649029,0.051,0.11,8.8153793289453e-10,5.43241606662065e-14,1.0254018063214e-13
"Vrk1",6.15922021300595e-11,-0.464847764712973,0.497,0.497,1.05901632342424e-06,0.706252490190513,-0.262446193351499,0.367,0.309,1,0.706252490190513,1.23184404256325e-10
"Il1b",0.599289930702629,-0.347566705943542,0.134,0.135,1,2.32004467499447e-10,-0.634062848020075,0.058,0.106,3.9890848141855e-06,0.599289930702629,4.64008934945068e-10
"Hist1h2ap",2.57003423316437e-10,-0.663683716446276,0.207,0.285,4.41891686050282e-06,4.49049684018898e-06,-0.412348756056073,0.123,0.158,0.0772096026702093,4.49049684018898e-06,5.14006846566822e-10
"Ngp",2.85731718097022e-08,-1.89784306992604,0.059,0.119,0.00049128711609602,4.49142831385233e-09,-1.83223679931522,0.188,0.234,7.72256184283769e-05,2.85731718097022e-08,8.98285660753173e-09
"H2afz",1.49138651968897e-08,-0.395929617865768,0.985,0.897,0.000256428998195322,0.339686705388015,-0.253305817506213,0.972,0.8,1,0.339686705388015,2.98277301713561e-08
"Hist1h1e",1.7081015751642e-08,-0.367908869015234,0.367,0.421,0.000293690984833732,2.22254465420364e-08,-0.327968995348086,0.206,0.248,0.000382144327843774,2.22254465420364e-08,3.41620312115228e-08
"Glipr2",3.3941110528372e-08,-0.4049131909158,0.596,0.584,0.000583583454424828,7.17069188030622e-05,-0.373252895859495,0.535,0.489,1,7.17069188030622e-05,6.78822199047449e-08
"Supt4a",5.905988572371e-08,-0.316660889722691,0.763,0.684,0.00101547567513347,0.0558947272669025,-0.287708248093031,0.515,0.449,1,0.0558947272669025,1.1811976795935e-07
"BC100530",2.59976116488929e-06,-1.97112607627407,0.086,0.139,0.0447002934691064,7.32434972221182e-08,-1.90210501046116,0.208,0.247,0.0012593486912371,2.59976116488929e-06,1.46486989079626e-07
"Ckb",8.76153480609687e-08,-0.495438115299492,0.262,0.31,0.0015064582945603,0.241160363201857,-0.422742556491968,0.284,0.238,1,0.241160363201857,1.75230688445488e-07
"Napsa",1.1764620643759e-07,-0.506463118703322,0.932,0.751,0.00202280887348793,0.00764856858218738,-0.288212132657958,0.792,0.575,1,0.00764856858218738,2.35292399034551e-07
"Samsn1",0.424676057514907,-0.445882165920417,0.565,0.481,1,1.93368734129112e-07,-0.528033554265811,0.426,0.409,0.00332478201461596,0.424676057514907,3.86737430866758e-07
"Upp1",0.0819143266388605,-0.427892681515643,0.386,0.364,1,1.02060038836441e-06,-0.564138065636926,0.582,0.512,0.0175482030775377,0.0819143266388605,2.04119973510367e-06
"Wfdc21",1.40424812068049e-06,-0.272422430325812,0.818,0.613,0.0241446421869803,1.44130575309535e-06,-0.325656463518658,0.885,0.818,0.0247818111187214,1.44130575309535e-06,2.80849426944819e-06
"AA467197",2.36730718059597e-05,-0.305161431373739,0.844,0.815,0.407034796631672,3.70040039903422e-05,-0.321579455082497,0.639,0.575,0.636246844609944,3.70040039903422e-05,4.73455831975908e-05
"Nudt4",2.88953328796592e-05,-0.276879345004709,0.565,0.56,0.496826353532861,0.187710829492939,-0.332048821216946,0.463,0.413,1,0.187710829492939,5.77898308190562e-05
"Ckap4",0.584293499312508,-0.2970768503652,0.58,0.517,1,4.31072610286812e-05,-0.475114968013068,0.622,0.544,0.741186246127144,0.584293499312508,8.62126638214089e-05
"Ogfrl1",0.000103162519204181,-0.302565698701283,0.568,0.544,1,0.24559416322484,-0.311583112104788,0.495,0.432,1,0.24559416322484,0.000206314395902993
"Ccl3",0.850487185686722,-0.625166209600722,0.336,0.302,1,0.00159631111159781,-0.742429911456951,0.591,0.51,1,0.850487185686722,0.00319007401403061
"Marcksl1",0.00279327938897657,-0.334667362598901,0.445,0.44,1,0.274760434450966,-0.288114181391884,0.39,0.326,1,0.274760434450966,0.00557875636820826
"Cxcl2",0.80061863069667,-0.678924589967494,0.111,0.111,1,0.0190503806893769,-1.40561025825687,0.246,0.245,1,0.80061863069667,0.0377378443743436
"Hist1h1c",0.659846287027854,-0.344070166583528,0.613,0.556,1,0.0279938408210161,-0.462062802719482,0.518,0.468,1,0.659846287027854,0.0552040265181198
"Ccl4",0.63991382624417,-0.626225676297226,0.249,0.225,1,0.264001910475214,-0.614121250781109,0.518,0.433,1,0.63991382624417,0.458306812215866
"Nfkbia",0.813714147333959,-0.329994835019848,0.778,0.679,1,0.598631358819257,-0.492399700114622,0.751,0.61,1,0.813714147333959,0.838903213876724
"Hist1h2bc",0.79736215972494,-0.26498937071693,0.46,0.426,1,0.645311262735357,-0.334119512607478,0.526,0.432,1,0.79736215972494,0.874195899657613
